Login,Password,address1,address2,pass1,arrive,depart
Emily,Brown,Oak,Madison,Brown,Denver,Portland
John,Smith,Maple,Springfield,Smith,Portland,Denver
David,Lee,Pine,Austin,Lee,Seattle,London
Sarah,Parker,Birch Blvd,Phoenix,Parker,London,Seattle
Michael,Johnson,Elm Street,Denver,Johnson,Zurich,Paris
Lisa,White,Cedar Ave,Seattle,White,Paris,Zurich
Robert,Miller,Spruce Way,Miami,Miller,London,Sydney
Maria,Garcia,Willow Drive,Los Angeles,Garcia,Sydney,London
James,Wilson,Maple Court,Chicago,Wilson,Los Angeles,San Francisco
Anna,Thomas,Oak Lane,New York,Thomas,San Francisco,Los Angeles
